,Cosine_similarity,Jaccard_similarity,Pairwise_distance
Kmeans,0.3677704328522175,0.31651082963386135,0.6857998089683263
DBScan,0.009974116765316565,0.10385179484756238,0.102051309360405
Hierarchy,0.4063622297163261,0.34525093942820406,0.6686025996628983
